reward,reward_std,good_samples_num,loss
1.549983243851932,0.0835691406364559,0,-0.0099925799295306
9.807359205909094,0.2624569820961767,3,0.0974817648530006
1.0844970749929832,0.0398396904081075,0,-0.0128035303205251
4.602336543649478,0.1801804873365682,1,0.008493049070239
0.6258361965854773,0.0264181380726898,0,-0.0149220917373895
2.621961450177808,0.0924925315762888,0,-0.0019667968153953
0.8127123702587611,0.0357721106098995,0,-0.0142349191009998
5.861917668596312,0.1894744289520172,1,0.057270273566246
7.651771462404587,0.2322260395954347,2,0.0594223365187644
4.643822102211528,0.1136287499626197,0,0.0354670844972133
2.278006725482614,0.0606831147180732,0,-0.0050847791135311
1.7362884887912615,0.048137315752535,0,-0.0030655153095722
2.9501402594556154,0.0764953582569793,0,0.001263353973627
3.017089667666641,0.0916436048636638,0,0.0093372575938701
0.2751774705623775,0.0120518769851608,0,-0.0180591084063053
1.8145590927777495,0.0567387373872413,0,-0.0071793496608734
4.816911331261731,0.1844723829852196,1,0.0519122630357742
3.669653666006647,0.0939964862657057,0,-0.0011570900678634
6.58757510395699,0.1570063359728477,1,0.0508669093251228
1.186267323856439,0.0415266878335011,0,-0.0130460746586322
2.665988840026153,0.0660318617722428,0,-0.0009695589542388
4.421513417220011,0.2011782324299021,1,0.0443304255604743
1.7949528289197996,0.0693399530642755,0,-0.0067521771416068
1.5090289139382866,0.0534457232805881,0,-0.0083355186507105
0.8477919375679313,0.0338382751975386,0,-0.0138104185461997
5.336772035499633,0.142625639910347,0,0.0350331626832485
7.752145154376197,0.2395253787780629,2,0.0423080325126647
10.551873952085698,0.2742939369610659,3,0.1304594576358795
12.432757115528505,0.3111019712342684,1,0.1263580471277237
2.889155982662883,0.0606128570928965,0,0.0036657080054283
5.249770383437477,0.1867337337842502,2,0.0404146164655685
2.37141075495488,0.0720671784391865,0,0.0041437484323978
2.169699391538015,0.0585499912995994,0,-0.0004911851137876
6.22994664416284,0.1250579647071179,0,0.0134046021848917
2.8550558374311032,0.0958525879812795,0,0.0041339397430419
6.10495640477018,0.1532375229035948,0,0.0220856759697198
5.106152902813803,0.1316953512583957,0,0.0108426343649625
4.0860196941127,0.1223699619502846,0,0.0037171710282564
7.008404297618459,0.2542116174918056,1,0.0472704842686653
2.9761294474829034,0.1393813965908017,1,0.004930293187499
3.956735493239776,0.1241903347293354,0,0.0012750122696161
11.524486701701717,0.2858228853295613,2,0.1153267174959182
3.6639610374370433,0.1035045120764701,0,0.0129065606743097
6.074563219451862,0.2034826089826447,2,0.0146121326833963
5.353486574035443,0.1121671288622834,0,0.0176784936338663
7.605570751270518,0.1787408341356156,1,0.029782461002469
2.329943271460235,0.0734834911884511,0,-0.0039279516786336
5.197472841925731,0.1112739850718101,0,0.0192919820547103
6.740363423714904,0.1474506092362618,1,0.0299437418580055
13.473648783307102,0.23301653584353,2,0.0628530755639076
16.39973415314603,0.3100602877375074,4,0.0736878216266632
13.985635778002916,0.24046616780992,3,0.0454082414507865
12.90661410100146,0.2426384381922789,1,0.0647841170430183
10.834464816345214,0.1786211860299608,0,0.064901515841484
7.399793264929479,0.147503419480957,1,0.0132283065468072
5.700864780197056,0.1094086032909799,0,0.012295102700591
9.956479667903391,0.1712171585492657,1,0.0528805255889892
19.94758535465829,0.2770538952909872,3,0.0813559219241142
9.269926151470804,0.1908516009684471,1,0.0261640660464763
14.259576615755702,0.2387896542444703,2,0.0464304685592651
8.118197483129302,0.1321092309279691,0,0.0247964598238468
23.59155381010496,0.3098818263472602,2,0.1073077470064163
17.74696223238977,0.2999720798129047,3,0.116018995642662
18.064474456009638,0.2361326553865587,1,0.0668689459562301
18.05468821997436,0.2765581897138199,4,0.0676283314824104
17.153092016968074,0.2251792204456715,0,0.059163324534893
23.8119843300666,0.3071872554102888,3,0.1495892703533172
16.812573894319456,0.2301775330017458,0,0.0477877669036388
22.047447357704694,0.2909416659181136,3,0.0705088526010513
26.22824616006828,0.3125590569984703,1,0.1208022609353065
38.53460887047433,0.3938817552049645,1,0.1262997984886169
33.025890288248405,0.3492667085203774,2,0.0935095772147178
39.787016917443374,0.4092341583891982,2,0.1788489520549774
40.588328163284295,0.4103885258775376,2,0.1781583577394485
31.337092350051257,0.3499269727662467,2,0.0924358367919921
35.20599169200621,0.384249958207004,2,0.0843083709478378
23.89985726214827,0.2904317184803956,1,0.0591116845607757
25.01335895300388,0.337880941852045,2,0.0595457851886749
44.271782279799446,0.4380243716131615,4,0.1169561445713043
37.24416826843853,0.4544737339272424,4,0.1734096556901931
33.59453610428814,0.4286703885491311,4,0.0823296979069709
34.82579693370537,0.4024603659659126,4,0.1841960847377777
30.705298614508063,0.4426278060217069,6,0.0597466975450515
47.03853925458735,0.5306631265819797,8,0.1157386824488639
63.65019536292889,0.6231784105141053,10,0.1645262986421585
48.11918439617685,0.5628116329170835,9,0.1047933995723724
51.12944571680471,0.5626333090743468,8,0.1417119950056076
42.33912668384407,0.5444828898601408,9,0.1227751672267913
35.11858090496472,0.457435523208379,5,0.0874461829662323
33.03716539645767,0.4698089577287739,6,0.1100413054227829
48.23426650318015,0.5904223831680073,9,0.1211141571402549
45.16706963928366,0.5839305088358481,9,0.0910114496946334
41.03920208525071,0.5171968822436293,6,0.0960495620965957
35.8092400681078,0.512525075140039,7,0.0629143565893173
53.87504039340293,0.626737899405889,10,0.2425742000341415
49.07593769631719,0.607954851328604,12,0.0913916826248169
57.2780630946313,0.603225657967138,8,0.1465421766042709
40.496800592035896,0.5673362690858691,10,0.0729283541440963
46.29896640258811,0.5789560953052091,8,0.1907825171947479
59.31203722604114,0.6726430699327782,13,0.1116988733410835
38.86588568603748,0.5322853146935465,8,0.06029012799263
59.01021034739787,0.622924399810035,10,0.1068884655833244
52.60175839432824,0.6180109003578964,10,0.0929696559906005
51.346029860065215,0.5877686746052171,9,0.1244795694947242
44.379239973665136,0.556732318222621,8,0.1084648743271827
62.95320898419966,0.6827540299231606,12,0.1392532885074615
62.9644929429779,0.6902680331177112,15,0.1277079582214355
60.14157559129431,0.6659786281132776,12,0.1178231313824653
59.18705726373611,0.6744306308693673,12,0.1056333407759666
66.0185847561448,0.6932121972605367,13,0.2174465209245681
72.81638839228985,0.7495154592727727,15,0.1327510923147201
72.80891374199271,0.7636868697841598,17,0.1426863819360733
52.1692724169099,0.6138646000678731,10,0.1176091879606247
71.77940943108672,0.7534343228581636,17,0.1449714303016662
72.58775484634216,0.7525432891883892,16,0.216175839304924
71.48379935562691,0.7358443752595855,15,0.1286172866821289
82.09840274725005,0.7931761989428907,19,0.2056809067726135
70.16184639761494,0.7379796208788973,14,0.2136535793542862
63.82962176160395,0.6827595553099247,12,0.165057823061943
73.52239243384776,0.7570564438504817,16,0.1049399003386497
53.977600627766265,0.632013835501316,11,0.1604861468076706
68.695331228458,0.7261335171001219,14,0.1382063180208206
76.07746255830605,0.7501100597245258,15,0.1826953142881393
65.35874087618323,0.721902395976032,14,0.1292178183794021
63.34565522972507,0.692707189778437,13,0.1039006784558296
89.66866633651725,0.8598644594134067,22,0.1559778451919555
83.10641177569755,0.8211636921467633,20,0.1556631326675415
69.29513492434387,0.735493147798358,18,0.1696973741054535
93.459655114408,0.8417986021045699,21,0.181637555360794
79.58617340947598,0.8079581979185086,20,0.146779328584671
74.21118202748309,0.7556297144581489,16,0.1449940204620361
78.36643925543763,0.7855549424004789,18,0.1269300282001495
96.42657033455764,0.9042197803168204,26,0.1960526406764984
83.1737689338504,0.8346815488906474,22,0.1301645338535308
66.9274577100935,0.7292577408882267,15,0.1152780503034591
85.45472637466014,0.8224359467963104,19,0.1581093668937683
76.16907154020248,0.7985413368821469,19,0.1404951363801956
93.9496254588795,0.8580662460575599,22,0.1242396682500839
85.9826741666592,0.8228673308414358,21,0.1712492555379867
96.4638562208857,0.8666127827358253,23,0.1757348477840423
85.54634136585025,0.7903861093444078,17,0.1585076600313186
78.84002843873749,0.774132683173599,19,0.1331914961338043
83.10375398327726,0.8111180904640378,19,0.1311190128326416
82.11675000892286,0.8195272921685484,20,0.1336578279733657
80.38510609749596,0.8039939377693086,20,0.1601446121931076
87.57061459901342,0.8570204964734225,23,0.0936697199940681
80.27768638793903,0.8219440483016811,21,0.1273901313543319
102.35344347716236,0.8946363343854334,25,0.2692713439464569
75.09580799789829,0.7793658609857897,18,0.0931553915143013
98.94767578694082,0.8991930369080957,26,0.1426305025815963
73.60769483764042,0.7577583998630562,17,0.0950395464897155
112.26186453366194,0.9448586939899308,29,0.1715322732925415
93.6456292268146,0.864187237125539,24,0.1446762681007385
91.98182838895096,0.8941206327738676,25,0.2037468403577804
102.4528225746134,0.922155547915448,30,0.1365778148174286
81.75508609734649,0.8132205777789239,20,0.1006160974502563
107.05374369839244,0.924201883145072,27,0.1945015043020248
106.77651301659968,0.9309792787019294,28,0.20628622174263
126.63134527981582,0.9873212541156248,31,0.2250834107398986
110.58589309385567,0.9330255291447656,28,0.2330886125564575
97.52810311587932,0.8728373307480926,24,0.2398742586374282
102.083867928515,0.9209769889485044,26,0.1734331846237182
108.19522233647989,0.931956619067718,28,0.151028960943222
71.11578531354158,0.761623405994109,18,0.0674068331718444
92.53083909543722,0.8640508735524858,24,0.1230538636445999
95.12627262806517,0.8744234296587043,24,0.1282632797956466
84.74029540561597,0.833861782631392,22,0.1006917431950569
96.33297437541611,0.8925804297310194,25,0.131928414106369
105.05302456147228,0.9036241573337508,27,0.1572965532541275
113.6134820624957,0.941413593644696,29,0.1612305641174316
100.87917355307798,0.8929876652273052,25,0.15999636054039
99.22087120404822,0.9151675733214826,28,0.1038091331720352
107.60642477082472,0.9367849419325276,29,0.1097582578659057
141.42121031257807,1.0510320997767455,37,0.2320051193237304
74.2035200538349,0.7525614673333431,18,0.0613515824079513
122.9922023797223,0.9761996041398208,31,0.1661110669374466
132.83330451911434,1.0371917886922013,37,0.1281134188175201
106.65649736243932,0.923234656900421,27,0.2235396802425384
122.3442860283822,0.9768701089830896,31,0.2276620119810104
123.64371541725058,0.9906976915884336,32,0.1933840960264206
102.1898950923306,0.9035363213793184,25,0.1140992194414138
96.23850436826672,0.8773045338501283,24,0.1161209270358085
81.16601309315094,0.8037940630699641,20,0.1017172783613205
103.36628129372724,0.924266322587,28,0.105583369731903
101.19791318690388,0.8754592286544011,22,0.1816138625144958
96.37996582847718,0.8977036265845414,25,0.1082997024059295
102.07842565846693,0.928769782166834,28,0.2469162791967392
89.0055091144736,0.8369608627043262,22,0.1298985481262207
114.9405815057427,0.9820950121838024,32,0.1295014172792434
80.87523668378111,0.8183480957672904,20,0.1286338567733764
117.26144549731316,0.9864991997601408,32,0.1452625095844268
104.74746150614288,0.9343019065264866,28,0.1431254148483276
115.78777781603222,0.9622415906081946,30,0.1720694154500961
108.51609060481611,0.9414375460629372,29,0.1660362333059311
98.1820954312576,0.876764326455778,25,0.2216752469539642
98.60401167756496,0.8968249851543545,26,0.1676230728626251
100.94840988500806,0.9284437437601412,27,0.1559111773967743
104.31973040075928,0.8972764536161032,24,0.2339769005775451
93.73371009367916,0.8433406525998554,20,0.1622500717639923
88.42804637638943,0.8333358035938566,22,0.1254771947860717
119.421096498081,0.9781005676908404,31,0.1589420735836029
99.16209056018576,0.8548117112020198,21,0.2229266017675399
82.73383952949467,0.7993025346716214,19,0.1454415619373321
104.594986467976,0.8905566134905311,25,0.1663786172866821
112.52416297243953,0.9541306914377023,29,0.2276987433433532
121.81514279975306,0.9657936525627586,31,0.3100282847881317
138.78431418387072,1.046782209719577,37,0.2096622139215469
129.18477176075234,1.0286126468210808,36,0.179166555404663
116.36951312726596,0.964715355177187,29,0.1861298829317093
106.0801923472164,0.9335731662466066,30,0.1191235780715942
101.11802227793984,0.8910416213110819,26,0.1398702561855316
98.5896152920486,0.9058246839846938,26,0.1956357657909393
127.44462782115824,1.0061586239107951,34,0.1732198745012283
126.7525416971736,1.0122303999253586,34,0.163855493068695
113.75822625555944,0.979720448198834,31,0.1413058340549469
118.143810270403,0.979416976463944,34,0.2754653990268707
116.38294520621808,0.9836682808225689,33,0.1499943882226944
118.40054207585334,0.9558138660368658,29,0.1657489091157913
103.08828339888994,0.913781970613077,27,0.2553907334804535
126.070801603126,1.0092190822303742,34,0.1870786398649215
112.14030873708876,0.9533167713611608,30,0.311309665441513
81.24335715405834,0.8163550902156479,22,0.211209625005722
100.9216946629594,0.9020299582729968,25,0.1652548611164093
107.62344431627974,0.9508021947673768,30,0.0824522078037262
126.33589410772286,0.9920439824011864,31,0.188755914568901
114.2407014624258,0.968928589865702,30,0.1770631223917007
138.20491290712178,1.0491585592088488,36,0.2008447349071502
117.42519929550367,0.9762422157003302,31,0.1875268667936325
132.9281163242622,1.026991569130357,34,0.2075185924768448
118.41540196478934,0.9684381230082416,32,0.1350068151950836
117.53273740502988,0.9739745378804888,30,0.1924172043800354
137.36738541505676,1.061387595211972,38,0.2002273648977279
105.4533036396094,0.9364554919250686,28,0.1400598436594009
145.09800581255803,1.062419984764715,39,0.3948024809360504
124.59135606996436,1.0093872444500844,35,0.1814029812812805
122.9612658145079,1.0166698976094637,34,0.3866983652114868
114.66001219578652,0.9566333154244536,32,0.3008221089839935
106.09796354125822,0.8992281855961587,27,0.1090196520090103
124.63993584713155,0.9825347786993104,34,0.2278754264116287
120.16044920006694,0.9879290356650158,35,0.1134520173072815
109.0938175566116,0.919076540704275,29,0.1461413651704788
108.11708696143394,0.9149927414213144,29,0.0892940014600753
121.78309649569076,0.9932542830972688,34,0.1167178750038147
133.46457973209377,1.0348447454924483,37,0.2070877850055694
104.41642341168044,0.8801881624435105,24,0.1671653538942337
120.65973093674948,0.9483412118439049,31,0.1584168374538421
116.12445662907194,0.9623558946870466,31,0.2376894503831863
124.3786738918225,0.9709060912258514,33,0.1507659256458282
103.45111538918188,0.9079348576333884,28,0.1030468121170997
108.57690515707404,0.92429899797202,31,0.1329958438873291
123.87343528257516,0.9670392274312186,33,0.151154339313507
103.28421369417302,0.8828269847535154,26,0.1495872735977172
129.75425144295195,1.0115615252641763,36,0.199584499001503
133.79213629021854,1.0059952807788102,34,0.21634541451931
143.78448477124067,1.0511853388276513,39,0.2319599986076355
136.2235157877366,1.0426073173042332,38,0.3731993734836578
128.48007157307595,1.0089118732107192,35,0.1075020357966423
131.46357249706836,1.010416258079601,36,0.1858993917703628
103.09075146148744,0.9177874388704416,30,0.1390358209609985
151.27579459131704,1.0794749204736944,41,0.315862774848938
145.14878417160563,1.0732969784700366,41,0.1654541492462158
122.50894626388288,1.0023296945361542,34,0.1112334430217742
141.1379518317061,1.04661350418566,37,0.2641654014587402
121.23995606149488,0.9745140070863516,31,0.160221055150032
129.76704256044536,1.0227460989202966,35,0.1298139095306396
123.98234903821135,0.9845136738596209,32,0.2097322046756744
122.27688169454484,0.9704791872316192,31,0.1883042752742767
128.54335905351482,1.0220383276072569,36,0.1295325756072998
119.79387630081814,0.9757689678977268,35,0.1505233347415924
137.01360759347514,1.0435949238614823,37,0.1747353374958038
116.40007676221369,0.9606159598194692,33,0.0701452270150184
130.26900235148128,1.0102712331819832,36,0.1313458085060119
128.66072692578362,1.0157667339006708,36,0.2664653658866882
134.0653119081514,1.0153295053953515,37,0.2021347880363464
111.63154607812828,0.9595245968130374,34,0.0656128376722335
166.23484627599632,1.130335563953399,48,0.1517768055200576
117.68902027691855,0.9782094280753696,34,0.1416756808757782
134.30753236623045,1.0377381731139064,39,0.2735128104686737
130.2109147421287,1.019714479952687,37,0.1593988239765167
155.69225143219086,1.0945410463681975,44,0.2700296938419342
131.94768224445798,1.029390366097909,40,0.1380530893802642
140.3509574555977,1.0519996704974823,41,0.3407859802246094
134.86722422959974,1.028910565812374,37,0.2075582444667816
124.30801385425292,0.9900479530384018,34,0.1286431849002838
153.78905949046552,1.0903732445899763,41,0.1477175205945968
139.12080187511413,1.0560504262505486,40,0.1790741235017776
144.21578053430682,1.0690896032367023,41,0.3871122896671295
147.1132687950872,1.0668021594987307,41,0.1561492830514907
132.29086673662454,1.0227757267344455,37,0.3063309490680694
155.46389804483016,1.089971619476532,41,0.2590560913085937
153.75868580014222,1.0853190407166715,42,0.2618788480758667
147.96306331090244,1.061455343597398,40,0.2097926884889602
129.31643554844786,1.0098430330099188,34,0.2390723824501037
115.65772147080725,0.9787970241805808,31,0.1051356792449951
151.9366421782974,1.0702957764783576,39,0.4597078263759613
122.8359146730397,0.9527347577775634,29,0.3170912265777588
147.68017443559924,1.0900923694455122,41,0.5274518132209778
132.37403693027397,1.026107124333548,36,0.2284477204084396
147.74747526395407,1.0765498306359569,40,0.3609410226345062
120.42755359220833,0.9756277145406008,32,0.3041788339614868
154.31600776064408,1.0931551482514883,42,0.3959691822528839
139.5372135266681,1.05431877624793,40,0.3224250078201294
125.08801002628888,0.9807971082192898,31,0.3631447255611419
140.09107967019327,1.0601421448986033,39,0.4193007051944732
147.7018636123143,1.0780250253707784,39,0.3417575359344482
153.95859074531825,1.0712898430707842,42,0.4637035727500915
144.36560744666662,1.0543145861208267,41,0.5113396048545837
146.67373605772332,1.0926506044059148,42,0.295074850320816
146.18302336913644,1.0585004383269778,42,0.4152829349040985
127.35760651257048,1.0343405583646397,36,0.4869765937328338
160.7745018450208,1.1172986525135256,44,0.5660656690597534
153.16890315133716,1.0814363128466582,40,0.3269429802894592
148.8413289301047,1.070588255577828,42,0.4912934601306915
160.59313585104786,1.1032880686531148,45,0.6176672577857971
171.25472549209994,1.1220592708971993,43,0.488218754529953
161.89658477676994,1.126065633785369,45,0.3873665034770965
176.78999966353257,1.167909901439952,48,0.6356193423271179
133.47852576224335,1.0150388340085243,36,0.3568796813488006
168.65993356221213,1.1050736761493716,43,0.3412712216377258
139.55275367586174,1.053553673833354,40,0.2589561939239502
182.71745208547625,1.1738920131880206,49,0.5994773507118225
138.50728416033704,1.0494402407889036,39,0.2441648840904235
162.3911801052502,1.0915973421671192,43,0.4086602926254272
152.73750834772872,1.0514480791546912,39,0.2732440829277038
135.0877524369148,1.022676826780922,37,0.15683314204216
142.93929927386904,1.055742040846969,40,0.1619886308908462
148.4518617138801,1.0655671843185603,41,0.4191856980323791
130.40610501179071,0.9982529263511486,33,0.2168827056884765
125.21683439531256,0.9949990922306476,35,0.1669996678829193
154.13146507413356,1.0948928774093272,45,0.2121236622333526
134.98539919138673,1.0157449118516573,37,0.1671046018600464
115.69470623062917,0.959284224116254,31,0.089316114783287
129.80863653325898,1.0130174657314883,35,0.2610456347465515
137.45075645182527,1.055915797800905,40,0.1546860635280609
139.08477217521025,1.044768104194855,38,0.1449486166238784
128.09818779659227,1.0095924602198587,35,0.1078939437866211
151.9571934293802,1.0763366189482186,42,0.2218994349241256
142.89693197665082,1.0210503083331155,36,0.2614880800247192
122.75488829297538,0.9856181771019774,33,0.1917148679494857
149.649100055571,1.0733191819579004,41,0.168363869190216
122.74754605546156,0.9503346184292332,29,0.2057986408472061
161.3613116791465,1.1014833330294858,44,0.2496396154165268
137.9016004963824,1.0344058936107263,39,0.2320120185613632
155.80946846414486,1.068716455094527,40,0.2632208466529846
161.77772952655818,1.0943759965375013,44,0.2537515163421631
160.96595507191927,1.1207386006147182,46,0.1931137144565582
146.4427162482803,1.0698384969289942,41,0.3245069086551666
148.0641471841,1.092502785299976,43,0.1362179964780807
162.59090013918,1.096053816811995,43,0.2352537214756012
162.0009532772751,1.1168823471023546,45,0.193116083741188
153.55342720048847,1.0927008895878825,42,0.2163371592760086
150.84699261856292,1.0861748172041368,42,0.1609856635332107
146.89595294764595,1.0650255456712785,40,0.2189190238714218
159.42476497163435,1.0973584023617595,42,0.1472382694482803
169.84318999464102,1.1634429818204657,50,0.265745997428894
182.37914121609748,1.1583746598177274,49,0.3100973665714264
172.84976937442988,1.1598355879477673,49,0.4033213257789612
147.24088419274926,1.1018717167223235,40,0.4293734133243561
169.66082253188677,1.1517276626492388,47,0.2088806182146072
145.64533468886577,1.0749183599726833,40,0.3439056277275085
137.65399044185858,1.0309149604590209,37,0.2768778800964355
156.04801386839682,1.1024613267905583,43,0.268689751625061
194.9111730088539,1.2249460279177389,56,0.5310799479484558
158.839099648925,1.0975410893301134,42,0.2425577044486999
191.03631274436327,1.1956022549331944,54,0.521456241607666
164.9589308387257,1.130182958447287,45,0.2415299415588379
186.73539299316369,1.1728330735944437,50,0.6888754367828369
173.2481266125812,1.143962818927938,49,0.5596296787261963
170.9722537424879,1.1345445250010286,47,0.4324829876422882
174.38559483802948,1.1472771069811478,46,0.4335498213768005
179.94617212962177,1.1511241991931638,50,0.588948130607605
164.36780748382247,1.1340225387085332,47,0.5184826850891113
173.99527898015015,1.1422507596466938,51,0.6305057406425476
183.0448630222853,1.1732117031723075,52,0.6943320631980896
195.2465821597613,1.2139527052661727,53,0.8724147081375122
184.2524086250633,1.1759281548356184,50,0.696054995059967
170.78878748406507,1.139423945954778,46,0.3754893839359283
175.77464924535963,1.151807242167721,46,0.8098347783088684
163.29490744345028,1.101894811892986,43,0.4108182489871979
176.79841123563702,1.1413730906048665,47,0.6377399563789368
182.07969635524427,1.1468429475278563,48,0.6802435517311096
180.60744752232063,1.1420451201061073,48,0.5416648387908936
173.17876680613384,1.1124253622574791,44,0.6441028118133545
162.1511118675094,1.059478665267295,42,0.5699126720428467
180.97862754263068,1.159384997249396,48,0.6298007965087891
155.4561816365475,1.0669841224079315,40,0.3821755349636078
171.06760103934243,1.130907742673253,45,0.6461973786354065
229.7046552951568,1.2791206733135905,62,0.7712928652763367
166.72696890764698,1.1248650180861932,48,0.3580732047557831
201.2031966858755,1.1908618387355796,53,0.958361268043518
194.59126234922877,1.1939444326762878,54,0.4084789156913757
191.80193442303568,1.1792699949392045,52,0.5408446192741394
168.0248388787342,1.1330189323771511,48,0.4659871160984039
178.55130390073555,1.1561697048939923,50,0.3661439418792724
186.04960033608177,1.173214785585634,52,0.5736294388771057
180.06526703585467,1.1814309978748636,51,0.7620411515235901
183.46567391494932,1.1602619895161346,53,0.844629168510437
191.2229493455734,1.195604188407999,53,0.6116007566452026
178.71176002953152,1.1506141431071102,50,0.2904489040374756
198.73556886955976,1.2012763307255483,54,0.6160746812820435
191.0055724344307,1.185053880676999,54,0.5913751721382141
179.19043997435264,1.1554265979851672,49,0.4426915645599365
209.47270322571572,1.2213260735753697,58,0.5954937934875488
164.88954014416322,1.112520824189056,46,0.3938051760196686
184.60187448820088,1.1749223317560586,50,0.4550439119338989
175.94240329020883,1.1517237742592896,46,0.6818640232086182
165.56790008329796,1.1284354679742024,43,0.5556723475456238
181.3652741006537,1.1494196007915674,52,0.6487478017807007
179.0054270410753,1.1358803389737069,51,0.5305163860321045
197.90360666077703,1.2116010406653752,55,0.5026172995567322
194.3057884203048,1.207751330776433,53,0.678831160068512
218.88847113723077,1.2434817884439358,59,0.8831263184547424
197.05061720469203,1.1766512546342107,55,0.6030765175819397
188.19080948536248,1.178003276360486,52,0.6117642521858215
199.29131773257907,1.1852005482129244,54,0.7240740656852722
183.02919693418883,1.1638960895560455,52,0.4110901355743408
200.82799280167544,1.2021155394442926,58,0.7516063451766968
223.3459244048326,1.2360816404510366,65,0.8698039650917053
220.453783184172,1.241344345102551,62,0.8133891820907593
227.74253954610504,1.272932606494735,64,0.97859525680542
218.86779366581072,1.2516546486556992,61,0.8347538113594055
183.91158635668828,1.15735385120686,51,0.4674184322357178
197.26549123374733,1.211604292377005,55,0.7432102560997009
192.35603309301345,1.1891717798423946,54,0.5891103744506836
194.47608472047733,1.180447605240969,53,0.5635799765586853
213.34893620891245,1.2431971062188971,58,0.634141743183136
202.75451907111855,1.2209102873080584,57,0.6336913108825684
199.4711871059098,1.1826742790129414,53,0.4695942103862762
197.8064246031048,1.195001129783448,52,0.6683074831962585
209.20614521401,1.1989397617440718,58,0.8248894214630127
206.2751759692805,1.2173268999242206,57,0.4412819147109985
194.6415875730464,1.1850177011165364,56,0.5032721161842346
176.11386005694908,1.134185647058838,47,0.4124814867973327
190.175024535796,1.1884379022642753,53,0.6963602900505066
184.10396732007356,1.1720643285091543,52,0.5824097394943237
208.2962823501929,1.2146933263967388,57,0.485357254743576
215.6726098627953,1.2357335691248803,59,0.7222740650177002
181.3439953466948,1.135379441756159,48,0.4644204676151275
199.1583668995272,1.2019061034202725,53,0.7534134984016418
181.09288881045472,1.160086001933497,51,0.5438211560249329
185.0472730140937,1.1598460659097154,51,0.6007866859436035
195.81687878634665,1.1827169124268606,52,0.6346915364265442
218.22352582640747,1.2275621233821896,59,0.6380992531776428
202.39629480605203,1.2222553088348782,59,0.786696195602417
184.4921929551858,1.146674474498823,50,0.4829034507274627
134.73221704549564,0.987504453666854,31,0.6174081563949585
159.68669113080506,1.0618688174889774,42,0.6857666969299316
177.55516990982122,1.1039415280253788,44,0.9595587253570556
180.6781227282988,1.1369143303426288,47,0.829053521156311
179.3344481947721,1.0978219354732022,44,0.6321337819099426
185.74781938442533,1.1388364565978308,49,0.6470815539360046
211.53097724057724,1.2404941700196817,59,0.9544846415519714
225.878097562832,1.2691449956708956,63,0.9011772871017456
186.99074197498885,1.1733893767183567,49,0.8502459526062012
198.3486591224921,1.1450109442515122,47,0.9436981081962584
204.8423306651861,1.2003594208780195,53,0.6878326535224915
207.05754772762597,1.2249614286439698,55,0.902455747127533
172.07226472865358,1.1073842071293956,45,0.7162101864814758
196.83177491259312,1.1913604004437768,53,0.814574658870697
174.6736671467243,1.1042303486546037,47,0.6838226914405823
221.48530302661737,1.212784540676728,55,1.0435329675674438
213.17996636352603,1.2298234755153044,59,0.841717004776001
200.25027120686968,1.1976470904049876,55,0.681313157081604
191.10713964056296,1.1257184677273544,46,0.6558629870414734
217.05209806323356,1.23872033204366,58,0.8583176732063293
188.4036219448465,1.1669431243447888,50,0.5890011191368103
193.75185455112103,1.1807616701387993,55,0.8133118152618408
159.8763731853046,1.0928423441920323,45,0.4528062343597412
172.33001456724514,1.1472318415412155,48,0.4486427307128906
212.560035963432,1.226123354214281,56,0.7526872754096985
204.13915028799715,1.2116379731116154,52,0.6739420294761658
188.95146582316167,1.1697544191942977,49,0.6153733730316162
187.7377030875792,1.1594743131536105,51,0.5780906677246094
187.4294446289334,1.1572183793550472,48,0.6887706518173218
164.56190464692693,1.0995741862365542,43,0.75612473487854
209.0453663339405,1.205768587390567,53,0.5882343053817749
164.15947892342984,1.1024248950183195,44,0.4227382242679596
216.3276352624839,1.242867987669275,59,0.9250982999801636
161.904271094968,1.0754979638775746,42,0.5373234748840332
209.34442060178023,1.2254893744646294,58,0.7116100192070007
192.68518859066523,1.1906954830477547,54,0.5009742975234985
201.4725711030553,1.228534716723387,54,0.7844732999801636
207.3631602498328,1.2156402840361116,58,0.6373233795166016
188.6314242159497,1.163493197715781,49,0.3450374901294708
188.76921168463923,1.162386251859165,52,0.6055195927619934
199.5991665211644,1.206138105630177,56,0.6852718591690063
193.3716816683053,1.1734006538217114,53,0.5644043684005737
193.50139951014697,1.180065474351213,55,0.7091020941734314
189.9577686049862,1.169772556026434,52,0.6123345494270325
202.31329302056992,1.1884120914533984,55,0.9064359068870544
194.91917439004027,1.18070445026044,53,0.7570807933807373
206.10157653595616,1.218175640308932,58,1.1221317052841189
210.0721508853752,1.236672597701351,60,0.5978695154190063
209.7099087306848,1.2255065549960027,59,1.0491032600402832
220.0162362923444,1.2452672875454691,63,0.5699968338012695
192.42201983723757,1.1764467500790683,52,0.6200720071792603
221.7693531372571,1.2283539874697311,63,0.6753358244895935
197.16756644206663,1.1592200608796697,52,0.6501764059066772
192.1090309695034,1.1720793158985945,56,0.4848298132419586
193.72377147119363,1.187349088726023,56,0.8157432675361633
172.11128894677165,1.1367451763899534,49,0.6788912415504456
181.46416762331063,1.159764077428406,51,0.7134338021278381
215.69076532631303,1.239710828563366,61,0.8890243172645569
185.23047157336208,1.1744581459068693,53,0.6104138493537903
198.5217935817773,1.192948941481184,56,0.8919602632522583
180.10268078440168,1.1595103091213967,55,0.447226881980896
201.4153209760777,1.2185521876380712,57,0.661030113697052
221.52619188015257,1.21986509169486,61,0.6053495407104492
215.10062466055265,1.2469605899714753,61,0.912054181098938
202.45823209345485,1.191978299388723,57,0.597028911113739
195.63818463437087,1.1852436897725511,57,0.4752455055713653
195.42986920050612,1.1763708665630002,57,0.5590545535087585
209.54313574185116,1.210198358731456,61,0.7869380712509155
228.67276509131997,1.2601611690931345,65,0.935189962387085
208.4509148463305,1.2136916397999176,61,0.8163426518440247
207.73397017197945,1.2106799044289474,58,0.5663994550704956
189.7841813484978,1.1707065981773328,55,0.6423395276069641
206.9497813987816,1.1992514531687384,57,0.7877644896507263
215.31359955166516,1.227386021534698,59,0.7936486005783081
204.26918337253497,1.1893690345275536,57,0.7699220180511475
198.83545780178213,1.1740856453915922,53,0.7451370358467102
198.74133144039925,1.202605067279228,55,0.7301608324050903
201.6140625114823,1.2039482284623697,57,0.4837439954280853
206.03553743827803,1.206609481065202,58,0.7740497589111328
209.59139050058548,1.211972670972639,60,0.7511652112007141
201.26768075497552,1.1867444199886084,53,0.8604576587677002
194.34025348186915,1.1529474928869392,51,0.7378115057945251
189.5707434088509,1.1629408076088532,53,0.8434609174728394
198.8156610513184,1.1860271299726095,58,0.8540851473808289
183.364509325028,1.1308879911287335,50,0.7552973031997681
207.7551917059,1.21705295340417,58,0.9216699600219728
207.9793151965085,1.1882415342847017,56,0.9694199562072754
230.48195690227408,1.2680603889731892,63,1.2283952236175537
203.9503461530458,1.193249720520089,60,0.8799405097961426
182.20210824671432,1.1338163019142984,49,0.5866713523864746
195.416916406906,1.2059197643663415,58,0.5369455218315125
227.49472147409168,1.2289012119390996,63,0.7719789147377014
196.76189175754436,1.1694356355306326,56,0.7995864152908325
193.1759381263743,1.18870521637288,56,0.739066481590271
229.3219453181042,1.2427751395523958,63,0.8057265877723694
227.3863402531569,1.2614223884700255,66,0.7964747548103333
187.77554191461232,1.157160298416395,53,0.5743370652198792
207.01865752767344,1.209673139024924,62,0.7918620109558105
215.4102472752641,1.2280862302127995,63,0.6198312044143677
209.463903218126,1.217507894635267,59,0.6290671229362488
206.1925256656088,1.23794537067048,61,0.6489415168762207
194.5892348354636,1.1705568304628693,56,0.6645413637161255
214.22299276978492,1.2448243077098464,61,0.8230345249176025
186.3157354404061,1.1509054211909455,52,0.9720953702926636
221.8501969778089,1.2554794457352318,66,1.0179390907287598
216.9467828687996,1.2065605723743404,63,0.7859503030776978
210.9646567604328,1.2148443594966472,58,0.900450587272644
229.03067115717317,1.264736903528746,65,0.8215300440788269
227.16912839384725,1.2509316214591153,64,0.804652750492096
210.53368095297856,1.189279102896302,54,1.0524455308914185
212.502049421368,1.209610345451457,58,1.0316810607910156
214.02960424971752,1.218164110852479,57,0.9336583018302916
216.8251435715572,1.228951829030228,61,0.7403872609138489
222.49905628757529,1.236149581910341,63,0.7263516783714294
217.77289835542263,1.2209172771317232,58,1.0033315420150757
236.57276877534787,1.2821803349952066,71,0.8220650553703308
209.56806002291643,1.2002043302997658,59,0.8720491528511047
204.048869850119,1.1857201262437596,57,0.6514942049980164
249.42150368760431,1.3142420965641413,72,1.3431087732315063
178.32771926012566,1.136376181548495,49,0.6675007939338684
204.30099041487844,1.1989518881886614,60,0.7708884477615356
226.50934984065265,1.252891983939843,65,0.9268163442611694
191.9401887506939,1.1607581619376903,57,0.6743804216384888
194.79340049323255,1.1858350910577962,55,0.5071986317634583
213.40899444827207,1.2268915339237088,62,0.6637300252914429
192.62522106986728,1.1601636509388191,53,0.7603869438171387
221.4796049112026,1.2588571891700615,65,0.6625985503196716
202.65471887090732,1.2065445850980898,57,0.7003304958343506
200.10527961600948,1.1901419520719951,57,0.7251647710800171
194.6011563389092,1.1777670260343365,55,0.5925850868225098
202.82298063512903,1.1796880385574755,55,0.7394683361053467
229.82624887176135,1.2468920116476252,63,1.2075735330581665
199.67409678469588,1.222664487335254,57,0.7181637287139893
197.61095489226403,1.175538191057675,54,0.7961896061897278
195.73775612319213,1.1816363219124353,55,0.8214862942695618
224.1439005291948,1.2420389283892996,62,1.0273559093475342
182.5990850824022,1.1619255851417511,51,0.6127235293388367
214.39287797111777,1.227760871191635,59,0.9557209610939026
191.9570880148799,1.1622320501432353,51,0.853012204170227
234.86984676670767,1.2998460744855298,67,1.0594141483306885
219.99195678781965,1.219064189283252,59,0.7932894229888916
193.92302886477063,1.169773816357375,50,0.7115762829780579
201.1315777641979,1.212672774510425,58,0.7206032276153564
202.7532260120864,1.20144677479078,57,0.5793562531471252
222.27509837663663,1.263045355633841,62,0.8736589550971985
186.66256394484515,1.1503255983917482,52,0.5743395686149597
213.07262955872469,1.2186266492489966,59,0.9653754234313964
235.7201336555705,1.2771388132328072,66,0.9943109154701232
231.85225706041524,1.2632486488374273,64,0.926445484161377
195.8154715475384,1.1862049038665383,55,0.7351319789886475
241.81321094807163,1.3003529278988142,67,0.992633819580078
194.50479498823265,1.1721827329087533,53,0.72841876745224
259.79689938557146,1.318103691250121,71,1.3924380540847778
233.38905033058356,1.278409153826107,64,0.997367262840271
230.136963181626,1.2720865579724212,66,0.9445960521697998
246.55252093460712,1.303788008971353,70,0.9818708896636964
218.40409066470656,1.2182552999706924,59,1.157073140144348
218.4938976896228,1.2346883093258652,63,1.049088954925537
211.38068081224125,1.2210349880392255,59,0.7109360694885254
242.5861824407438,1.2743961776277204,68,1.03216814994812
235.23301967923857,1.2921613120531454,65,0.9085758328437804
201.2372530998188,1.1968125712759874,56,0.7360773086547852
215.1219398510603,1.2545245977525794,58,0.9130643010139464
240.1515521354275,1.2774892678501353,70,0.7478071451187134
206.92688368693663,1.228296671902371,58,0.725282609462738
202.5818968444393,1.1915503601133477,54,0.4370954632759094
208.06123828167668,1.1979187574429409,55,0.7414718270301819
251.617239664331,1.3234187592985611,71,1.0616624355316162
214.01772941197797,1.2414887609341032,60,0.8233710527420044
235.38242672437477,1.2943095180215518,67,1.188468337059021
241.71307348360855,1.322595216504176,66,0.971288800239563
239.54872318226097,1.293716468669868,70,0.9407773613929749
216.4948028353709,1.2394341773931743,61,0.8181350827217102
220.36260308063916,1.2422192137234191,61,0.9170633554458618
226.51660466343344,1.2572797258848327,63,1.0699045658111572
202.4878715872728,1.2217141922225752,56,0.7900142073631287
253.71311282223425,1.3483253753885516,75,1.120713710784912
245.1889834852228,1.3104952456321013,69,1.1686558723449707
223.52728604327325,1.264840234102645,62,1.0365335941314695
244.85410913244465,1.2909771391550284,69,1.032116413116455
217.4334262436473,1.2224608785074926,58,0.7738558053970337
221.88482817095257,1.2663483648607383,62,0.9062911868095398
244.85099852278705,1.308961447534973,66,0.9680164456367492
258.06351746592344,1.3365599617859438,76,1.02595317363739
225.158377347012,1.2666053996737865,64,0.709945023059845
245.40204440719845,1.3217046251367814,66,1.2054592370986938
224.3602572867823,1.2553252839161615,62,0.8445063829421997
243.55078707179777,1.3022415185147462,66,0.8836913108825684
183.4400463960885,1.175244637457042,50,0.6997208595275879
246.70205557214115,1.3015931756434338,65,1.165949821472168
235.01001736435015,1.3131556679366283,64,0.9483193159103394
231.85087115538064,1.3212606476753388,65,1.018239974975586
251.01923037140645,1.2848931111372233,67,1.1454992294311523
247.3204955405436,1.2978921636057903,71,1.0387364625930786
242.6614763906328,1.302274557132109,68,0.8318545818328857
254.04817175378852,1.312265338027223,71,1.1851485967636108
243.94821014385624,1.2849832248739768,70,0.9589656591415404
215.00454271919773,1.2468979828436906,61,0.8036835789680481
226.2587495238205,1.2475099305333557,64,1.0670968294143677
231.19450763934904,1.2777744845383594,65,0.7941046953201294
250.2052646409747,1.3346571428630551,70,1.0277938842773438
229.34680971157624,1.2699001381287514,65,0.948832631111145
238.88086667124293,1.3099520862480765,69,1.1380013227462769
246.65440260899348,1.3195648379768186,70,1.0546289682388306
231.16886533902957,1.2718857587511174,66,0.7039574384689331
252.10738343037747,1.275500277404045,66,1.123711347579956
249.30492999512944,1.320835310521265,70,0.8823056221008301
232.8637333649793,1.2824264001471672,64,1.0105109214782717
241.1209793644489,1.2722833637809436,67,1.145964503288269
235.8838937062972,1.2936359484368791,67,1.0597015619277954
204.04285784298213,1.2244936937663622,60,0.7596071362495422
203.31372342091257,1.1887958689425624,55,0.7836735248565674
217.6678013945921,1.264383977605097,62,0.5653806328773499
299.1721389088155,1.389180809842694,84,1.6646220684051514
208.6133514299964,1.230344283549451,57,0.8004202842712402
211.67938401652071,1.230284825235402,57,0.8776634335517883
213.7653901553728,1.2415432946028009,58,0.8067424297332764
214.75351184060904,1.223512121939003,57,0.8757449388504028
230.8578349835829,1.2853940941398052,65,0.7142663598060608
253.17353255770217,1.3315986753575466,72,1.1543900966644287
225.2077210256007,1.256083774981165,65,0.6995723843574524
241.3595660071749,1.3054723715155223,70,0.8399795293807983
231.20006495539,1.256030936787005,66,1.0025554895401
218.67418725189796,1.250349440795727,60,0.6425544023513794
265.75919382802005,1.3202881005437217,72,1.1437166929244995
233.90893586976512,1.2824158335985738,64,0.7588512897491455
230.8903937129928,1.2931524767299811,66,0.7879112362861633
228.86846986710825,1.2452381028530153,62,1.113966703414917
238.03805663747548,1.2853683774582627,66,1.2204012870788574
231.73421331381024,1.269157232865395,62,0.8507771492004395
251.03238011384585,1.3075181230336594,71,1.1173495054244995
245.2305454491056,1.3039838260931012,70,1.0888671875
235.59471977057729,1.2730894212449997,63,1.077536702156067
259.72058384995944,1.3241185689624024,71,1.1018638610839844
216.6629362655815,1.2375668239506386,57,0.8514801263809204
219.8525735259528,1.2282623910403407,60,0.7335482835769653
247.42503596585863,1.274596032795434,68,1.0068436861038208
229.2523970083603,1.2731346489279711,63,1.1681691408157349
236.9103963297187,1.251214872501616,64,1.1271408796310425
228.3536341192818,1.2467818485465654,63,0.9954813718795776
235.93342638075,1.2724154071840097,68,1.0602551698684692
266.6514460285714,1.3381797708156602,79,1.072072982788086
259.3011817369503,1.3099905769518434,72,1.2272790670394895
293.3354130660225,1.4077378560915703,83,1.7263786792755127
218.83219438217168,1.2196627700480456,61,0.8257394433021545
241.6864101539378,1.2842095732714398,69,0.9851154685020448
240.7804298741009,1.2864418469872791,69,0.929870069026947
254.3201547031281,1.3065309776202367,72,1.443045139312744
262.6890406838231,1.3501305689487122,75,1.0611101388931274
248.6681927753633,1.2905201022400183,69,0.9159664511680604
237.38674854375265,1.2874918311990595,65,0.8077381253242493
269.9667350981223,1.3506382603166842,73,1.128585696220398
281.22833410870845,1.3752630623737756,80,1.336480736732483
244.83843541822372,1.2817467505574094,69,1.094494342803955
263.2476932412074,1.3529628689081938,73,1.166196584701538
277.8943511191237,1.3770936557508515,79,1.2062406539916992
232.56337001370525,1.2668491278278324,66,0.8175206184387207
255.96246833303496,1.355034502954922,71,1.050085186958313
288.1529902588327,1.3602151713506512,78,1.5278743505477903
280.5547418475459,1.3577065139453357,80,1.1813305616378784
246.33044469343844,1.337924822244999,70,0.994062602519989
231.10467717417052,1.284658308226043,65,0.8068907260894775
263.9851333225411,1.3395220535662904,74,1.00649094581604
251.92615476143988,1.3197293425401255,69,1.112707018852234
263.76560804014065,1.3293608092088594,73,1.073508858680725
257.3000942582128,1.3454707887943091,71,1.03683602809906
253.7366498669234,1.3184910696784655,74,1.1473007202148438
279.4112187141303,1.4184985675641992,79,1.278216004371643
229.20819066998604,1.25322150438667,62,0.8925740122795105
244.1234825768768,1.3154680869079245,67,1.0411655902862549
259.3559944727972,1.3750939224664624,76,0.9000018835067749
250.74265597355472,1.305315443668523,70,0.9517245888710022
258.51905390346974,1.3408419188227263,72,1.0296995639801023
259.1143088756979,1.3257550545748138,75,1.1401684284210205
235.30642935074337,1.2767314033913268,65,0.9116494059562684
245.67086183530225,1.28242773821002,67,1.2574268579483032
262.18188115049185,1.3363441454016858,78,1.2637838125228882
281.5907172066944,1.3607632073546094,81,1.2320600748062134
237.3514351868817,1.312556086979804,65,0.8612556457519531
249.24487924623253,1.2911777416975592,65,1.2306091785430908
279.1868585396203,1.346266386847286,76,1.4167985916137695
246.1676351621896,1.3071854593505785,67,0.9993823170661926
226.47105611324645,1.2659051105948689,62,0.9498160481452942
255.5437962191366,1.294013606550577,70,1.3381162881851196
235.66491627723573,1.275881650871413,67,1.0010985136032104
277.5765502399647,1.3593954812231923,78,1.350892186164856
256.5645836206803,1.2957074628168703,69,1.2191976308822632
246.04880421519027,1.282073451921825,70,1.28211772441864
245.8505891860142,1.2809668222852963,69,1.3920825719833374
264.7168401994761,1.3164056726774649,75,1.2291228771209717
265.6728716355829,1.3493493467445874,71,1.2661105394363403
229.08809830511865,1.2575461493019946,62,0.8957424163818359
233.08491339428983,1.2800577454175264,66,1.19199538230896
213.76840831203825,1.227264554723229,58,0.7647398710250854
275.411503819229,1.339850765318899,79,1.1424795389175415
245.80321930962717,1.2750328529764374,69,1.0843322277069092
239.3194854462619,1.2937067616347324,69,0.9463964700698853
273.18846962993325,1.3196133614819958,78,1.2575771808624268
267.7235072556028,1.333684491412234,78,1.2594549655914309
266.0327243652334,1.318453299825766,77,1.308404564857483
283.32683871649124,1.3729468595476837,79,1.6150857210159302
255.0148765374516,1.3220036910919613,73,1.3659076690673828
221.3648046619462,1.2203208007878996,59,1.0945056676864624
257.1606026432356,1.3209081636048714,72,1.188986897468567
262.8500363553719,1.2818938643661295,71,1.323124647140503
264.99079438451463,1.3278393886734914,74,1.017428278923035
238.66329103407992,1.272909455812967,68,0.9203448295593262
263.80888952705186,1.3319073124265215,76,1.288132667541504
235.2219245069277,1.2913126579944378,67,0.9873494505882264
264.45740439514066,1.3351437660944494,76,1.0453553199768066
224.9813507396069,1.2345257770815965,64,0.5796818137168884
255.2377281195814,1.2915018045862685,75,1.006251573562622
242.66025266746036,1.2608854832600185,68,1.157189130783081
250.1873998760372,1.306584960608832,71,1.1740350723266602
245.9026339122475,1.2882824476521209,69,0.7087153196334839
260.10299105798543,1.345889061282726,78,1.070307374000549
280.45204527230607,1.3745224468908062,83,1.1592707633972168
244.25085493570737,1.315506315699364,72,0.8937178254127502
243.44568762995732,1.27960978707933,69,1.1232355833053589
267.1080143870495,1.352714468921172,73,1.0656615495681765
250.49295204440205,1.3155552980750824,73,1.1961572170257568
232.22943311118308,1.2542856430564575,65,1.0546098947525024
267.65816200843926,1.3614427757736154,78,0.9742761850357056
261.7866259881624,1.3081683460097715,74,1.2951674461364746
235.93495751348436,1.2344436605431013,62,1.1096745729446411
275.8103294921478,1.304963482820336,77,1.1264605522155762
253.18366375905677,1.2894964453358166,72,0.7947099804878235
255.0670815495489,1.2992030475366685,69,1.4031574726104736
266.90956070814445,1.335222614417025,75,1.1736679077148438
281.0870841508359,1.3232981957674104,78,1.4857193231582642
298.0688169145616,1.377261842299124,85,1.5404548645019531
229.1111508581669,1.252768577776044,65,0.7909154891967773
244.4310936918,1.2872815566877158,68,1.104824781417847
243.1534646312164,1.285897810167434,68,1.2110662460327148
249.06985418195728,1.3042982351748118,71,1.1983904838562012
252.2909150842798,1.3118695853351356,74,0.9236825704574584
245.72038502385817,1.2743314479242926,72,1.0746722221374512
212.23126911022624,1.1930940575387026,57,1.0293843746185305
267.69551754576844,1.3510545987720766,77,1.219481348991394
219.70247532224107,1.2642686921248754,62,1.114070177078247
248.3528893692808,1.296980878566471,72,1.0427143573760986
253.34505287182304,1.308026237953105,74,1.2694575786590576
269.70611199168053,1.3338544703046502,76,1.1028791666030884
274.5151852526767,1.3270281645428064,75,1.4215065240859983
240.62604580034943,1.241741133321926,62,1.2841413021087646
247.5253864381454,1.282138581958408,68,0.8589836955070496
230.2407500224815,1.2381989284886428,62,0.8209869265556335
282.5418109265578,1.339897830596824,78,1.384075164794922
245.7510739838901,1.2705972549481692,66,1.1049400568008425
253.75887559782365,1.2890487270543085,69,1.1351003646850586
250.66359869020076,1.2956819068662162,70,1.594691038131714
231.3100779078249,1.2381493763018192,67,1.01019549369812
261.07945269852326,1.31108889710634,73,1.2689752578735352
222.47534060531908,1.2341841999373475,65,0.7384290099143982
250.45572818158945,1.292229616850627,68,1.3196521997451782
248.00482881264367,1.2867917600898569,69,0.9253405332565308
248.98388030475388,1.308518549674801,68,1.4418755769729614
245.56763370771856,1.2995468496018467,66,1.037376880645752
268.0647042523745,1.310229775131596,70,1.1956185102462769
252.42046486969747,1.319246172967652,72,1.0639126300811768
254.62086566448423,1.320048916909532,73,1.0415138006210327
241.76849838208608,1.2728561033228805,65,1.0220320224761963
270.5165050447751,1.3597000052552508,75,1.385715126991272
259.4104040322408,1.3442442621208637,73,1.0257699489593506
290.74733923116605,1.3747257092489429,83,1.258033037185669
233.2143398675002,1.2714711908743122,66,0.9618802070617676
268.56264171631267,1.330371105669917,75,1.3092457056045532
279.5804275905426,1.368579477666845,79,1.349470138549805
273.57337616097743,1.36766547473414,76,1.1825205087661743
273.18885749761466,1.3535605504256412,77,1.6292868852615356
306.89159286925747,1.4068206696705734,84,1.419015645980835
239.2556706759015,1.27920010311597,66,1.0354076623916626
277.1581017857286,1.3511032245966677,80,1.3971105813980105
270.72689965778665,1.3202804653881268,71,1.025066375732422
261.2634157237647,1.3405645401888235,75,1.254751443862915
293.31127339004075,1.375726216284774,80,1.5836224555969238
239.16658103068383,1.2834759914726028,68,1.1961997747421265
252.5841638310995,1.3087150777406922,72,1.1935890913009644
277.9708451949192,1.348256103586825,76,1.368190884590149
265.26726576884886,1.348450825266834,72,1.3879475593566897
254.63969309329184,1.3223395911473257,72,1.265716314315796
245.92513000057875,1.3084749493740575,69,1.0944671630859375
279.1581690972646,1.3656491756773357,78,1.311113953590393
261.55342608461336,1.297418704964422,72,1.1726152896881104
280.3979034634831,1.335940342035691,77,1.2175167798995972
285.71840516691753,1.3677810986148036,79,1.4855715036392212
272.0140202983673,1.37449723694583,73,1.5778309106826782
269.6680080770472,1.3263036205579917,76,1.4165078401565552
282.0748786319839,1.3410112512162184,81,1.1940031051635742
274.5026428958173,1.333301543527741,78,1.084559679031372
253.7534042342644,1.292296140164069,73,1.1894985437393188
256.1147485673224,1.317553798047317,73,1.1060190200805664
273.64925590747566,1.363530938981819,79,1.1525256633758545
241.12956536431977,1.2955427806785338,70,0.9495435357093812
251.01732256624425,1.3107112284698796,71,1.0127495527267456
248.46930463624616,1.2985736732578703,73,1.1368815898895264
257.441892118506,1.3029433726162236,71,0.9486294388771056
263.38715786925457,1.3469840141306406,76,1.2531791925430298
279.60694545251806,1.373078900213424,82,1.113155961036682
246.0231643658844,1.3095424718137856,68,1.2477667331695557
288.6616675309696,1.3898216909237655,79,1.2209513187408447
260.95667169089734,1.3090452773190415,73,1.157968282699585
278.94522266474115,1.346424034930488,77,0.9880585074424744
254.2530124022898,1.3267549062379855,70,0.9204606413841248
305.5905547722281,1.3910967712798497,82,1.422354221343994
247.97900875837436,1.3110518687081292,71,0.7744665741920471
257.71382816089266,1.3005607541195812,71,0.9322190880775452
289.4311845284008,1.369209011320768,80,1.3011256456375122
268.0571318075979,1.341637373776378,77,0.9398959875106812
296.21505549574226,1.3938098105978445,81,1.29249370098114
281.8764433816338,1.3476341211871,77,1.0847238302230835
280.5847528981055,1.380758608335138,78,1.1267848014831543
299.83155431241966,1.3910395343149349,84,1.321035385131836
333.430645823658,1.4642959218551157,95,1.451142430305481
256.5741681698929,1.291021005749075,75,1.127219557762146
284.9296114555409,1.377503522408047,82,1.1767234802246094
268.1144235044049,1.3329521047742732,77,0.8727516531944275
283.2682447452269,1.3620253898705548,84,0.9797687530517578
268.4297603765369,1.330263537376056,79,1.2586956024169922
273.7535305847184,1.343628720851788,77,1.018325686454773
288.413979815625,1.4024883548474505,86,1.1451809406280518
263.8296709205775,1.348760482391087,76,1.2102582454681396
257.87836117883603,1.3107514304768404,71,1.5303199291229248
285.38690811265167,1.3379197290710652,81,1.161421298980713
274.0596065317136,1.354820301286331,76,1.139461874961853
279.36601461466,1.334289692819477,80,1.4240046739578247
285.1084221272705,1.350454608207548,82,1.0495787858963013
288.1354753087189,1.345827981786814,79,1.355380654335022
257.3027716945743,1.3033307159028291,73,1.087080955505371
272.2950836924685,1.3293084243561637,74,1.3034861087799072
320.7094892044732,1.3858186690553755,89,1.5904786586761477
301.3651307913018,1.3848512430468405,86,1.184363842010498
286.7425953317634,1.377455834804066,81,1.40889573097229
279.8030931432877,1.347466421924983,82,1.0371966361999512
286.7609419370542,1.3510306727406491,79,1.3552895784378052
284.597492313698,1.3249588031269464,80,1.3077270984649658
275.01041421714365,1.331003620246361,77,1.0092819929122925
296.9414640737622,1.3567500925411495,86,1.2179603576660156
294.8674748623923,1.3821969954679416,88,1.2759315967559814
282.55968292905965,1.3699382852828468,78,1.1771811246871948
305.3365988815219,1.364585614050415,89,1.3678282499313354
303.86168703508434,1.4107968719644657,87,1.4375585317611694
269.94173477602976,1.329613440369545,79,1.09877610206604
292.09556216238144,1.3656057606411136,83,1.4604958295822144
286.9822598876516,1.3517347731283231,80,1.349219799041748
296.58649335575467,1.3717650661072522,87,1.358025312423706
303.6066302304405,1.3838255453424997,86,1.6109917163848877
293.6184286591628,1.361763451805353,84,1.3580965995788574
296.330809351647,1.377408612969642,82,1.4575247764587402
284.63191001186044,1.3482041968606242,80,1.1699140071868896
290.61155418056813,1.3650287626585285,82,1.4495635032653809
301.7395725724752,1.3652478491876772,83,1.307548761367798
328.6415192760127,1.439688040124711,97,1.5351109504699707
304.1547551092859,1.376490565177381,85,1.3950711488723757
282.6238084294927,1.341486131079882,82,1.2384041547775269
300.79343800160285,1.3899601241632515,90,1.1948833465576172
296.1028429230602,1.3694175813131697,85,1.3774125576019287
292.96502382604103,1.3622069609304248,85,1.254422664642334
280.02060505597524,1.3333912547181397,80,1.204768419265747
324.51603414359926,1.3998539592670105,92,1.5996007919311523
289.9818339563642,1.3589093875172047,82,1.4065744876861572
280.6747453535225,1.3646173505397563,77,1.350751519203186
287.9949379419578,1.341982159205567,82,1.186137557029724
301.5497320867861,1.399245578313447,85,1.2669602632522583
303.1485236051682,1.3813958868483154,85,1.6234216690063477
276.1139451507297,1.3365111610995954,78,1.0306034088134766
281.01668084082047,1.3602045913272274,81,1.257491111755371
298.8724770236287,1.4105714748695104,83,1.3828097581863403
318.92480748542164,1.4060428109203031,90,1.4278947114944458
286.89226506969845,1.3930738933395297,84,1.3258204460144043
342.3191728443492,1.4515022976821577,99,1.8163738250732424
297.8722322078548,1.3885511346758703,83,1.3684823513031006
314.98926809258984,1.400055982711253,91,1.6143966913223269
303.60899405123007,1.381035129184258,88,1.3983736038208008
314.8115058776833,1.392214212547925,88,1.5001546144485474
315.62288264518645,1.386906241901795,89,1.2141165733337402
300.3508931252062,1.3655665687812208,85,1.2280741930007937
301.5397134035733,1.36285968287447,87,1.330491542816162
327.5693924952087,1.4246392146265443,91,1.5134330987930298
341.219968775188,1.422844510711505,94,1.853955626487732
334.74876117004385,1.4436179551347017,94,1.622486233711243
295.0027222397658,1.3759344322710736,84,1.3612746000289917
328.0524357075946,1.4444798853719631,95,1.5887020826339722
259.13678905571834,1.3065418278570249,76,1.0852930545806885
302.4694366693741,1.4096393706490922,86,1.3006961345672607
303.6876381466533,1.399301834643584,85,1.4830045700073242
298.09761128301665,1.3836094961874827,86,1.3512840270996094
289.53868026150514,1.354586914496869,87,1.1060980558395386
306.6708334567159,1.3946632138235289,87,1.3882055282592771
299.4657408777145,1.3784441957638631,86,1.4267791509628296
330.7059903813413,1.4076818613992914,94,1.7551002502441406
295.06944643077304,1.3676134031396876,86,1.1388438940048218
276.04141247787504,1.3278402263815283,78,0.99140202999115
291.7431487204379,1.3614237858862024,82,1.26460063457489
315.02049582202426,1.3974893212041517,88,1.4559650421142578
285.3397577511719,1.3475341835749293,83,1.1742552518844604
316.76450855207656,1.3955615594749684,93,1.3408355712890625
329.26425446619226,1.410165858753872,96,1.673991560935974
306.064124355102,1.3791661031977738,87,1.416348576545715
310.5679361028035,1.3924376816974169,89,1.6948816776275637
311.18115218641674,1.4122803492078262,91,1.5218136310577393
316.7689405780542,1.4245739694099833,94,1.7103419303894043
268.6539681521808,1.3301584170403915,78,1.3774458169937134
267.7162276525234,1.3387742787118355,78,1.0525175333023071
297.97424595286174,1.3866832024466271,86,1.3489494323730469
282.17266532458245,1.3660213787990776,78,1.0728598833084106
314.0115697571687,1.388591869911293,89,1.5582175254821775
290.68666186079656,1.378171958242274,84,1.216623067855835
303.9433491349006,1.344509414666044,84,1.3599218130111694
266.67724767940655,1.329343123381747,75,0.8807861804962158
284.3622447194588,1.342691211523366,81,1.2347933053970337
316.91195944020865,1.3922292295271972,90,1.48550283908844
322.71518089535255,1.4099117842500253,92,1.4501816034317017
300.4499274270039,1.3756829966981985,87,1.3356775045394895
306.60581390885324,1.3593354895336884,86,1.3400790691375732
306.3989585597069,1.3679576719016864,86,1.2297770977020264
304.661510764411,1.3628065479511016,85,1.4775209426879885
324.8785846775388,1.3924723732818702,94,1.5770949125289917
315.38276753106953,1.3964687298877994,92,1.38499915599823
299.16940313191867,1.362693292189344,86,1.3625481128692627
322.3876398903029,1.3884981549514444,92,1.6650484800338743
333.58997303788897,1.4426257367135773,96,1.877153396606445
307.3065582918015,1.3996120504813816,87,1.389647364616394
337.9481216750787,1.4397837050374995,94,2.0033891201019287
319.6779343762543,1.4060931479206036,93,1.6849342584609983
284.3526296491017,1.3342074745748973,78,1.239548683166504
320.87655402899554,1.389383732942718,91,1.5525588989257812
319.32227303897224,1.4098537295498468,93,1.7091950178146362
306.6433781946264,1.3793677608770836,88,1.5241682529449463
342.78432268913,1.4072012824433684,94,1.810747504234314
315.4776179104654,1.385451781306782,88,1.6183478832244873
304.993556971616,1.362651270334949,85,1.424530267715454
321.7775039397234,1.4106232242306556,90,1.6611436605453491
274.3368861172429,1.3261055094962306,78,1.0902243852615356
309.0811769440075,1.3817329841042965,89,1.4781408309936523
282.23738357629566,1.3276982068745573,82,1.2771896123886108
278.3486557334252,1.348041808852292,82,1.020556926727295
323.0797937551305,1.4069629703802398,92,1.424943923950195
327.76895540040266,1.3894206877355484,95,1.4115136861801147
315.8583991748389,1.394464716178757,91,1.3519916534423828
325.4491795619791,1.4234535902208785,95,1.4188826084136963
292.83660984146246,1.3615392462168234,85,0.9160242080688475
303.95544459848827,1.3617913387650384,89,1.5554218292236328
322.4483232814539,1.4044284231373,95,1.4783059358596802
306.49739283984616,1.3818387124535334,87,1.3488763570785522
312.3150936926022,1.3866189449945583,89,1.4296681880950928
343.9315651945466,1.43338623205955,96,1.7875630855560305
334.1032730589615,1.4282502022892691,99,1.5588908195495603
327.0132159347675,1.4059230858676044,93,1.5753768682479858
315.3290855293281,1.3782983637654165,88,1.5239338874816897
324.2711395202642,1.423646524774957,96,1.6063474416732788
344.2589862798165,1.4384293657870593,96,1.6996209621429443
322.61228256141294,1.3558515850724766,90,1.4764316082000732
332.9369812521332,1.3992972878585246,95,1.7344399690628052
318.0840324294456,1.4184088386008231,92,1.54787278175354
319.63025952162906,1.3819650534023045,93,1.5621229410171509
309.1789960447106,1.383415380204649,88,1.4488402605056765
331.71185691737486,1.4181112175524078,94,1.4017729759216309
336.9135221352957,1.4150224395941444,93,1.710277080535889
337.237594955377,1.469034451851968,98,1.9122259616851809
342.0202146895972,1.4714755988962949,99,1.5892658233642578
304.68687494826327,1.3990770682511875,86,1.153488039970398
324.7485316253766,1.409227981813288,93,1.4395180940628052
341.96891754244234,1.461488533053857,100,1.7389185428619385
325.34716207153326,1.414881344173741,97,1.6509045362472534
339.9360370785895,1.4079354277411738,97,1.7866454124450684
319.1574410174992,1.4156201075633712,94,1.5061529874801636
316.70463053057745,1.386747855550702,91,1.3744168281555176
340.07320938897783,1.4196114341759944,97,1.7172982692718506
338.7649173300084,1.43454157785582,101,1.5999975204467771
300.1694177794223,1.3393574514387454,84,1.200379729270935
310.84012716918534,1.377242565341388,85,1.288421392440796
331.88122088142995,1.4274734929194708,96,1.5752323865890503
341.3556512642348,1.4518868569531342,94,1.980819582939148
313.8957084518113,1.4094998745042269,92,1.573602318763733
338.334032762951,1.4067843497375128,95,1.4389286041259766
312.2839966176315,1.3940666218149986,91,1.5050761699676514
321.0229256926491,1.4163067783793235,92,1.5457183122634888
344.9504928875645,1.4516364304053109,99,1.8763437271118164
323.4221077593372,1.4065635169122477,91,1.632128357887268
317.088503705668,1.4091900083696771,91,1.2685037851333618
332.7318667853799,1.4147412307682103,98,1.695873498916626
300.9170391664705,1.360854814611098,82,1.2127609252929688
316.2922416716804,1.4049280199920473,91,1.410249948501587
342.94017172101724,1.4414009078674657,100,1.5431255102157593
333.73984791278866,1.448767853347959,98,1.4848426580429075
327.28327255024254,1.3942991950084715,91,1.5157840251922607
330.22563773121254,1.4113450091530286,90,1.5037215948104858
345.5078610313436,1.4710894045956917,101,1.6028205156326294
331.7334060002708,1.4346282550287055,96,1.770635008811951
331.1067467753044,1.4382185519987007,98,1.588630437850952
326.11389472079213,1.4257836748621855,94,1.5823986530303955
354.8473581175965,1.4727671380609977,103,1.8539601564407349
340.1090098649255,1.4570443007446414,100,1.7183904647827148
341.42015437948044,1.4263519001996332,96,1.835232496261597
351.3712740956776,1.4505350361265168,97,1.860479474067688
284.084715669698,1.3395168874798706,84,0.977651298046112
330.05482157417003,1.4058521181029784,90,1.8608384132385252
295.46372990915364,1.3600758667003163,86,1.2404356002807615
321.43168558053804,1.4289050196862485,91,1.4223721027374268
308.105213942832,1.379206694034922,88,1.3036456108093262
309.8695090205576,1.3791551304791003,85,1.7315078973770142
342.3375562879904,1.485031950086681,94,2.109638929367065
340.1182024420418,1.449040732242686,96,1.6616684198379517
320.5057971114458,1.3969897941821336,92,1.5108611583709717
337.186941255303,1.4212952722829275,93,1.6684528589248655
304.4454433506986,1.3803104277040663,89,1.2514359951019287
304.91634409778453,1.40206002260117,90,1.3527851104736328
323.9216405638051,1.3942402371122369,97,1.5447843074798584
353.76401975312496,1.4468846049245494,100,1.8327579498291016
317.12982124512297,1.3861069017596883,91,1.4043192863464355
340.20341685367265,1.4212451184062664,94,1.6527796983718872
323.18913165253906,1.4269965188155331,93,1.6536943912506104
282.71879287604634,1.3625007894399923,84,1.1844501495361328
321.5915511602944,1.410265637933653,91,1.820781946182251
365.683928489588,1.4548029943954717,103,2.032282829284668
347.8575299395292,1.4235296940626383,97,1.8835532665252688
331.17541557591403,1.4250803762030857,93,1.7673426866531372
319.9500252556929,1.418928535425631,91,1.5559262037277222
336.1975697481449,1.4517053030511065,97,1.7147669792175293
304.62493963697574,1.3978675136945535,87,1.2934240102767944
340.3435263371171,1.4094324307904775,97,1.6880403757095337
309.74432234679807,1.3767647524865374,87,1.3063769340515137
328.2277185289888,1.418616150448938,91,1.4419834613800049
329.0188342320869,1.433978820735424,89,1.7409350872039795
341.6292859460727,1.4204753563564614,98,1.8801988363265991
323.1700798979043,1.3969957164777111,96,1.4137358665466309
332.628010315691,1.4416523440631703,94,1.6725990772247314
327.39635935651154,1.4211579312961695,97,1.723412036895752
338.2840960762629,1.4399765964708084,94,1.7460821866989136
303.9290732781025,1.3854034932412105,88,1.1913199424743652
310.3902786365536,1.358523974988608,91,1.679442286491394
290.25693753729155,1.3660428356227452,83,0.8881253004074097
315.4995712976711,1.4065341434004917,94,1.5670510530471802
331.6743761653714,1.415274758197729,95,1.765455961227417
321.18689802925604,1.4254477169220892,92,1.3845056295394895
325.14206776753326,1.3836650987748498,88,1.4227426052093506
315.4584947571735,1.3893801047747465,91,1.4766669273376465
316.32530759638325,1.3774994374551688,89,1.474535584449768
341.3228652753749,1.4239670076466813,97,1.668653130531311
354.5707545090115,1.47396004542089,102,1.9865201711654663
309.6709793053474,1.3881738175835605,86,1.2429676055908203
323.3271560728174,1.4068414834942244,93,1.324951171875
336.13782447739914,1.4624315507376906,98,1.762088656425476
330.7769244786128,1.404084029595321,94,1.568355679512024
282.6452830240727,1.364393195211121,80,1.0039122104644775
328.4914459547514,1.4046509093252617,96,1.5640453100204468
327.6923396005078,1.4124754255765488,94,1.5133752822875977
337.1321130467857,1.446303223033333,98,1.606052279472351
344.61822601495163,1.440588145616805,99,1.822849154472351
342.0124033407288,1.4425364957295066,100,1.5023072957992554
349.6394424909288,1.425033062520408,98,1.732154130935669
348.8603848643127,1.448239227260496,101,1.743323564529419
331.8387744206483,1.448764822947224,95,1.5458027124404907
361.8092837028165,1.4662970166228415,102,2.083411931991577
329.22262556738644,1.443796705987629,97,1.664169430732727
302.6373407413456,1.4134677446654431,87,1.3748610019683838
335.58926519383226,1.432153942435386,92,1.722771406173706
303.16499428618533,1.4018452146280351,88,1.4946941137313845
320.5272453877892,1.4276995256025795,91,1.3373850584030151
323.38143144514606,1.432791515963233,92,1.5198132991790771
305.5047863751837,1.402839456671299,90,1.3775593042373655
340.1821312178673,1.4639019126659651,96,1.7442235946655271
332.5414114203857,1.4319609990930109,97,1.4562443494796753
302.8304860720749,1.3720630374231575,87,1.5150090456008911
356.5225294629827,1.4528236346620544,100,1.9775121212005613
327.06610174185766,1.412680697414312,92,1.6257816553115845
341.7412813188774,1.447317525814855,103,1.7175012826919556
309.458008710063,1.3998917914431928,89,1.4905850887298584
312.9306537729304,1.393244045999409,86,1.6779592037200928
353.2943280813871,1.435527999732977,103,1.7506335973739624
362.4355592639988,1.4631703124725577,104,2.235868453979492
294.8453361608524,1.3730481159084775,83,1.1625196933746338
333.3422110613852,1.4295713364908058,96,1.898542881011963
305.97768329653246,1.389945770138756,88,1.3563090562820437
350.2076960719072,1.466129236321087,100,1.9445518255233765
318.0878662783422,1.4346749207957588,92,1.838706374168396
332.1089754673366,1.4403386073721318,96,1.627949833869934
310.2780480220837,1.3705489460400706,89,1.3696993589401243
321.8114599090044,1.399397231454462,88,1.3989143371582031
340.152762751104,1.410186392669257,102,1.932817816734314
308.67788489406144,1.378530302712013,89,1.3099329471588137
342.3680520225218,1.4420999490617188,94,1.857166409492493
353.9088201408673,1.464841650918093,100,2.195352792739868
337.88960858877084,1.4381969581519358,97,1.5900146961212158
348.99570091606444,1.42468601319945,100,1.901398777961731
311.0934015402606,1.4312296637700634,91,1.4493865966796875
332.92956192182334,1.4137642284120704,92,1.7952561378479004
339.36245223699063,1.4629582590865289,100,1.6055574417114258
337.5078611923577,1.4418846435489443,96,1.594323992729187
346.5203861496872,1.450002330691624,99,1.896983027458191
282.5344134476379,1.3610216361198957,77,1.1096476316452026
307.7319690214985,1.407948115481389,91,1.329480767250061
312.7280122867669,1.4113012680082735,92,1.6352423429489136
310.270900511107,1.3807850137744206,88,1.5858875513076782
335.3999361527161,1.440619479775992,94,1.822659492492676
319.1545026743649,1.409926246232247,90,1.5182689428329468
318.19925372659907,1.4064877660921713,92,1.712196707725525
339.1998418823905,1.476983849040467,99,1.915266990661621
276.1446716782224,1.3583856067546962,80,1.7000874280929563
320.4537682072762,1.4258371623875734,90,1.4619730710983276
312.91142816467385,1.4124463379504495,86,1.7813451290130615
349.970247856081,1.468018871939272,103,1.9605191946029663
340.19480893790154,1.4344221502011223,99,2.055014610290528
339.5521383090456,1.4604226570037917,94,1.6660279035568235
323.5498140897617,1.4282169891636716,94,1.6431605815887451
323.40961509108445,1.429892044702746,92,1.8294861316680908
330.2174680920042,1.4306826062782554,94,1.6886022090911863
327.56637044521347,1.437267877112202,97,1.6173492670059204
299.5740024030776,1.382057621819739,84,1.749614715576172
356.2430785924604,1.4871651382699886,100,2.0822770595550537
360.9515638213021,1.5134666686784923,98,2.1842947006225586
325.94562209921,1.4274034478338624,92,1.4695888757705688
294.5130129804256,1.3889063927829202,85,1.2115566730499268
290.66289358520635,1.3651816757466355,82,1.3604730367660522
292.60076228819526,1.379847147571,81,1.4732729196548462
311.8752602525708,1.3920246092141022,88,1.4757333993911743
310.7334197840922,1.4062410364613722,87,1.5094106197357178
307.9181891092422,1.4405917905549368,88,1.6078957319259644
328.2181406730873,1.4058130995128009,93,1.682784914970398
349.26688704526146,1.437972540048918,99,1.845319986343384
361.8503305162111,1.4845558277195998,106,2.005229949951172
328.9334844041573,1.422925176462999,94,1.6410651206970217
342.4178562486166,1.4719681379378482,98,1.8440181016922
333.4817496799991,1.4550613643968866,93,1.596219539642334
375.5045347743543,1.516338889358083,106,2.1518313884735107
351.3672615159071,1.4340648709908466,98,1.7648193836212158
314.68555800167786,1.4173990121664557,92,1.430338740348816
319.397046460172,1.4237262287530674,92,1.3576749563217163
342.6336645745415,1.462533549739628,96,1.5432639122009275
325.7634096731522,1.4096113736415463,96,1.6176559925079346
312.8619687776685,1.3969353612447686,88,1.475428342819214
359.3620276958616,1.454902825039086,99,2.010495185852051
359.60089600586764,1.4692126434862325,102,1.9017188549041748
319.4427986102677,1.3880902885408395,91,1.5825141668319702
334.78822369219563,1.469698025821676,98,1.661581039428711
317.7384358432836,1.4268504857926323,90,1.526193141937256
311.832979433168,1.4190673561413547,89,1.4692555665969849
306.1505519843065,1.407062177486033,88,1.4266165494918823
326.85343747484166,1.4168052199026402,94,1.7339458465576172
360.0542857828289,1.440586949593669,103,1.8005863428115845
330.81666399503035,1.4530213135109329,95,1.5000238418579102
354.0245467840162,1.4377755831479486,99,1.955029845237732
353.1414907077875,1.4739290922325288,101,1.8527408838272093
366.8727789391839,1.4760398405136466,102,1.986275315284729
329.3842704027573,1.409774263011343,96,1.5379631519317627
333.0258071615137,1.422804705842916,88,1.7337177991867063
334.2753070669134,1.4482172459125695,93,1.7633463144302368
332.210766657662,1.4669736177109047,93,1.6690917015075684
335.3394372349726,1.446183633714111,95,1.7912898063659668
338.4484663529737,1.4362155937198242,95,1.6627895832061768
317.2298651295934,1.4263060393245852,89,1.649553656578064
370.21570641954656,1.4625569684120894,104,2.109324216842652
325.38581367073454,1.4176187121516557,91,1.6942100524902344
369.5643365036592,1.464736357501222,105,1.9820529222488403
342.2139753662559,1.4475989121581525,98,1.632547378540039
352.6925376765288,1.4646606443613506,99,1.873198747634888
371.62261895185065,1.499971022124081,106,2.153332233428955
327.44391440608445,1.3712780224191186,91,1.6908749341964722
343.3402097193777,1.429023669655423,99,1.7471199035644531
317.617043358776,1.4027967170512714,90,1.5285217761993408
311.4768471501216,1.3775176574988204,86,1.5955790281295776
348.96404502167024,1.436807484740368,94,1.9371311664581297
349.4641990219134,1.5053035864127196,100,2.061835289001465
331.700736883219,1.4148388163291703,96,1.639622926712036
336.2534500423106,1.454298889605438,95,1.9258326292037964
279.7445372448525,1.342318484063305,76,1.3998864889144895
315.3159195765076,1.3898468005158355,94,1.2808494567871094
340.3467257860602,1.4289463906030246,97,1.7104198932647705
331.18340162520815,1.4067549389338734,89,1.8695448637008667
327.3564711839361,1.4703364896525657,94,1.377158284187317
358.1282093955228,1.46507031549011,99,2.075661420822144
316.3939154092037,1.4192099294231402,89,1.587727427482605
365.7468918019083,1.5111045465530537,104,2.2263965606689453
382.06374541856354,1.535713508469987,109,2.2883729934692383
361.1901847298728,1.4639415567173204,102,1.821210503578186
334.4822384235978,1.441482191731746,96,1.5780318975448608
328.2800664490217,1.4277292370643502,94,1.629625916481018
370.9220363451968,1.4944239444038423,106,2.0605573654174805
358.6234239985825,1.4698361246333342,101,1.904422402381897
329.7582318007946,1.4476245767251206,97,1.7885799407958984
360.60023349101954,1.465278355772238,99,2.059699773788452
304.5869098857657,1.4209062118218465,83,1.7615742683410645
325.0431626879872,1.4310196030143676,92,1.441558003425598
343.0361886193295,1.4448350248956792,99,1.6959770917892456
324.132010895246,1.4418241301978616,90,1.6012005805969238
317.2845557632272,1.4268102616413545,91,1.197195053100586
354.7051984126291,1.4610974167697763,98,1.63442063331604
323.3029173921008,1.4444396782538524,94,1.6431097984313965
319.0095237904279,1.378164979917989,90,1.7260620594024658
355.42156918937417,1.47730943831025,99,2.0554239749908447
343.0950284038413,1.4454838249837851,99,1.7940162420272827
357.7137498861664,1.4476644794377491,103,2.016637086868286
352.106980408784,1.4544685192817657,102,2.1150457859039307
338.61331882458853,1.4598945743457488,99,1.61332905292511
339.98627013505967,1.4556223884771762,95,1.506335735321045
304.0183587230042,1.382503551150593,86,1.3962655067443848
338.84858680491766,1.4802018315927583,96,1.4800772666931152
317.61545311081363,1.4209201378829268,89,1.7353436946868896
335.39549765513823,1.4577400440688002,95,1.889703869819641
289.5067672418877,1.357832787779844,82,1.200178623199463
361.6613619375602,1.530559476413085,102,1.971953630447388
339.6942264959905,1.426801796699457,94,1.5939244031906128
349.8931961535882,1.4655546304088651,97,1.8777594566345213
351.771053083858,1.483995337298373,99,1.9782137870788572
334.5497108886201,1.4859886771942172,95,1.66714346408844
320.7933918319809,1.4173489672625317,90,1.353785276412964
347.22231506613207,1.4688738589438983,97,1.758285403251648
342.24013724016186,1.4544717740364674,95,1.809131860733032
396.5494149286257,1.5545280875687282,114,2.3547959327697754
309.3901120794118,1.413863601333149,87,1.4240565299987793
326.07293858318667,1.4296246727023914,94,1.3959546089172363
366.3638157983256,1.4486882293445684,105,2.042296886444092
341.78175278348624,1.4688645288643616,95,1.9824458360672
329.7390918885879,1.4349208180046298,93,1.855151653289795
346.3150336669152,1.4332660696774904,95,1.856198072433472
348.7864066188532,1.4906101852918885,100,1.8521728515625
322.5560197333251,1.4247927125269602,93,1.456729531288147
309.3869144046985,1.4094200155442231,90,1.4353303909301758
338.0328397851225,1.4727824996460963,95,1.9544261693954468
329.0562989449463,1.4285695576164716,90,1.6140788793563845
362.515749214232,1.49909421687165,103,2.0224828720092773
376.7866008355284,1.5122400652451655,107,2.234002113342285
359.19900388081555,1.5080329883961443,102,2.1858487129211426
348.98812362013484,1.4603995521034618,98,2.033100843429565
349.4822457120615,1.4524393989913456,100,2.0172789096832275
363.1587056218742,1.4904112868680108,104,2.3137922286987305
295.2823950631901,1.3699324308084797,83,1.5822665691375732
313.55956349472547,1.423766241213883,92,1.344901442527771
356.6767927132684,1.4718143311959082,100,1.7650514841079712
350.4852290958527,1.4622729087663016,100,1.6842217445373535
332.24930807494246,1.4236187365742756,94,1.6790364980697632
347.42319025795865,1.4845149808992495,96,1.80946946144104
345.2032066098742,1.482477351144717,102,1.6994431018829346
345.64958709911207,1.4735141990771907,101,1.9803193807601929
333.35398363616684,1.4230333188087274,91,1.5714503526687622
308.33525430500976,1.4101857403312592,90,1.4261921644210815
321.49439129952634,1.4378834977985908,93,1.3695048093795776
375.287351798127,1.5168528306483244,104,2.2754995822906494
343.09718198364254,1.4721964132217409,99,1.7082568407058716
341.879444634871,1.4399892658060969,94,1.576836109161377
344.8383445327174,1.4643795566577686,99,1.857458472251892
340.78914866103867,1.462084330824847,100,1.4792752265930176
341.438908016739,1.4717245874030047,96,1.83050537109375
366.0848267145909,1.4940818959269906,102,2.0308961868286133
325.7963763981898,1.415982147275304,92,1.7296594381332395
292.85956274214544,1.3632843280844602,87,1.213123798370361
311.1705564752663,1.3885599721224966,86,1.5970520973205566
298.2045593898833,1.3730650882340307,82,1.6289433240890503
363.8020259144744,1.454338800716939,101,2.136174201965332
371.3265328488568,1.4952742824819074,106,2.192267417907715
336.50318461467657,1.4407731819456362,95,1.6198880672454834
381.7653130656182,1.4812656388855048,109,2.080726146697998
374.091498380709,1.4653453070090028,103,2.0353591442108154
341.22647713214565,1.4431515081573092,99,1.7337158918380735
367.8511369357912,1.490549087907584,104,2.06803822517395
331.5947532325795,1.4368250247894536,91,1.7451010942459106
317.0966794920238,1.4132450622616028,91,1.5934828519821167
335.0424715529156,1.449056724417162,97,1.7109185457229614
355.1299589974607,1.4590738496377913,98,1.636788845062256
366.24073053312674,1.4878107013162725,104,2.074870347976685
377.5277311904948,1.5308790083287394,109,1.8412564992904663
337.01982997350467,1.4259728487333994,96,1.6539100408554075
327.6694364151715,1.4473359456954742,94,1.7673296928405762
319.0140090548239,1.4098743070963875,92,1.3041212558746338
391.4553083954758,1.4754529492707396,109,2.319927215576172
335.46233514899603,1.4269059404436848,94,1.2803937196731567
336.4925145743219,1.4216412734477444,94,1.566850662231445
344.7951841214813,1.449434739857134,96,1.703360676765442
308.15345125446265,1.4080390597826815,89,1.351981282234192
357.63699600568776,1.460833876118017,103,1.9576866626739504
341.13834364532966,1.4161803830779167,96,1.7249740362167358
340.0294104623973,1.4856173334040237,97,1.945971965789795
339.6198504151537,1.4134863951696708,93,1.8240145444869995
364.9998300874769,1.4715665795127992,103,2.196860790252685
316.5017031149214,1.4266991555734394,91,1.2007863521575928
317.93513380262164,1.411126561161084,92,1.5333431959152222
344.3370044783276,1.4546251315732808,94,2.014043092727661
336.42106112479223,1.4710263323991568,95,1.6254302263259888
352.5963210368901,1.4679508118471996,99,1.6985279321670532
376.9400762863697,1.4869087345295102,108,2.224349975585937
363.30326518944855,1.512710389613541,103,1.943637132644653
344.6550220367998,1.4468940115190272,99,1.8744372129440308
372.1304367743734,1.494813318715524,107,1.8894933462142944
379.96754747006185,1.4947183996985092,111,2.0851778984069824
358.66699223983034,1.4901065424081803,107,1.789811372756958
337.3704496312107,1.4514348930068652,92,1.7907894849777222
311.8971775813549,1.405065334818448,86,1.389392614364624
380.8732927985985,1.4680408775426457,103,2.214648723602295
350.7821262151075,1.4425738724979906,98,1.5938808917999268
340.607099542292,1.433791207320689,96,1.8915128707885744
356.03038230490944,1.5011225803792176,102,1.804016351699829
348.93030582448097,1.4731038422832172,100,1.8487639427185056
385.5461867316366,1.523517991277239,103,2.428438901901245
375.3037321346766,1.5007014287667422,104,1.9804259538650515
330.5593743191096,1.4101309059918683,91,1.615641951560974
314.54001473437165,1.4155637002970622,85,1.617128610610962
326.73120850637895,1.4334099206661457,92,1.7375106811523438
324.44858047715286,1.475548542008866,92,1.7921596765518188
322.4968037151448,1.4453901503636557,95,1.6917483806610107
320.9566735438728,1.420447181414319,92,1.743494749069214
315.52742992973083,1.3785642428229328,89,1.7243120670318604
329.50096727514705,1.4739999715561058,90,1.7848230600357056
329.6981358817327,1.448976616725688,92,1.7032828330993652
376.974701792401,1.4811153535999748,99,2.1068501472473145
372.3452874569098,1.4772470004048284,104,2.2099430561065674
334.1681535292906,1.4406974204199672,96,1.593942642211914
301.3790773456316,1.3716100619878184,84,1.4325542449951172
349.41329235428213,1.4453352774636925,96,2.145979881286621
377.8247526935533,1.5063492718324158,104,2.2745120525360107
379.0460920626762,1.518668444557733,106,2.1364901065826416
329.7252050850373,1.4313636203649405,91,1.9095563888549805
348.2417988305978,1.470457572534207,99,1.702588438987732
365.7600876716808,1.4846777286125463,101,2.17632794380188
349.8181393261126,1.4607599834908744,97,2.065984010696411
367.68668292098187,1.4521769863580682,105,2.0358498096466064
381.3392697812297,1.5306573261593042,109,2.122635841369629
351.83077728631366,1.4805409046681537,99,2.090125560760498
353.779394790416,1.4617257706587787,104,1.6095035076141355
350.84701207774793,1.4817906700499226,97,1.9712225198745728
368.1368701230684,1.518376674097915,104,2.0760157108306885
342.23861386599094,1.4422038433898348,95,1.906463384628296
338.20797679822056,1.4364860915384612,95,1.5817755460739136
373.57645390372096,1.4904980875903848,101,2.198021173477173
328.72206451799525,1.4352553911754533,93,1.5723276138305664
345.32261034792464,1.458900376714597,101,1.7177910804748535
345.6289873863833,1.4324481268059075,97,1.7746453285217283
342.350785457154,1.4954010025957991,97,1.867350459098816
372.2392210183921,1.4846960115459766,105,2.0116138458251958
347.6890997235146,1.463796740605411,97,1.8358176946640012
353.85631772012994,1.494605667197064,101,1.8535372018814087
343.718224010227,1.4436889118990894,98,1.6578574180603027
354.2494187999284,1.5145683927416034,98,1.7351770401000977
346.04684676960966,1.4930206414689218,98,1.8916375637054443
392.4906110203681,1.5250347976425325,110,2.2845494747161865
356.58775823638007,1.473175633134417,100,1.8007622957229614
340.2117961130124,1.4419773974548242,94,1.8743563890457156
337.84177729356264,1.434071301938947,94,1.7594411373138428
324.2752392601366,1.42784450780007,93,1.630814790725708
314.59163346098046,1.433831089475207,87,1.7155052423477173
310.8596684638578,1.4140253021667686,87,1.6139854192733765
389.88015734689606,1.508962395206839,110,2.495652198791504
363.81534423685423,1.5040464087893537,101,2.151841878890991
384.69884311027056,1.524350518477106,104,2.372766733169556
387.1486698600125,1.5268872927330703,108,2.325648546218872
351.70899655945374,1.4102271577440662,99,1.8175585269927976
337.0770746341192,1.4226593062653203,91,1.710410714149475
394.8966078159902,1.5192224192478596,108,2.580326557159424
346.90842710511885,1.4376674589549328,93,1.701185941696167
406.6426606610896,1.5246093533639224,116,2.378345012664795
409.1985043512266,1.4946503607262374,114,2.460079431533813
334.71054916642373,1.4269320844238451,89,1.483096480369568
356.41936991397665,1.4227465853962424,99,1.6989144086837769
388.1952093953652,1.490409261856385,107,2.195505857467652
375.780325933501,1.5182595113088688,104,2.295595407485962
339.9044729280912,1.416530168131617,98,1.549723982810974
374.858243282397,1.5058171631448591,108,2.2874505519866943
351.973777617766,1.4812916830599148,101,1.7975287437438965
334.17912810314624,1.4485858596108034,92,1.7244845628738403
360.6243691212854,1.506257025254853,100,1.974318265914917
333.1395021819873,1.442527224454203,96,1.955920696258545
342.6309094650867,1.4663171896104776,95,1.853628635406494
351.6565455056426,1.4675059239753274,99,2.0988569259643555
354.1242228708717,1.4498603163638355,95,1.6458121538162231
366.0340098561632,1.4776657282916354,99,2.002002477645874
395.32494246036526,1.5112587520130376,112,2.2505452632904053
361.2621244688953,1.488375000196755,101,2.2316691875457764
368.5270382859935,1.4922337200224192,102,1.94564688205719
344.8573134727404,1.4688036970657357,95,1.953524827957153
382.4222708376707,1.5260690153331264,106,1.9822618961334229
344.69896615336893,1.4473310779031532,96,1.6809377670288086
357.49425027753784,1.472089316117262,102,2.107141256332397
389.1564641386428,1.5310093973495524,114,2.2626640796661377
372.8883128451744,1.484521255781538,104,2.2678422927856445
380.6898615636978,1.50060241503367,104,2.1023495197296143
341.86195484023995,1.4253548131033007,96,1.841114044189453
371.6628915652224,1.4811001922350775,102,2.018305778503418
331.4889213166604,1.4284094042668605,92,1.7336031198501587
333.0173751358079,1.4290211778025208,92,1.746106743812561
377.7760230176315,1.508144502233542,102,2.091371774673462
379.5547486733171,1.488228735363453,107,2.0040128231048584
367.8116316711293,1.4678583669743763,101,2.16108512878418
358.5845681654652,1.4753535680377232,100,1.9519789218902588
374.8582922770856,1.4952804354067006,104,2.034213066101074
405.4389365927751,1.5300013545017486,112,2.353402614593506
355.90522789680483,1.446666886235915,100,1.8278770446777344
339.1630464109018,1.4569480579219525,97,1.6100739240646362
360.7953908121752,1.47087919648606,101,1.9960252046585083
361.02622861622433,1.5105297290209827,100,2.0109338760375977
369.7440449364,1.4796119914819603,104,2.0055623054504395
378.26686255158967,1.4664714840108006,109,2.171754837036133
346.8706636544555,1.4712815157480956,97,1.6410119533538818
369.4091732240402,1.4827557679108974,100,2.035874843597412
375.4979260854709,1.4665423565967484,105,2.0360774993896484
355.1107589197678,1.445268190385641,99,1.9799453020095823
394.26502659726685,1.5243560794324402,108,2.163024425506592
347.4062343607209,1.4221541905927015,94,1.670032978057861
331.16076515582097,1.4386755650993257,94,1.537452220916748
347.6731854211537,1.4648082669225833,99,1.709362268447876
348.82151670092617,1.4545742463632472,102,1.9209421873092647
377.899342615559,1.4648650364759908,110,1.9306224584579468
351.3371468285397,1.4379786926056164,102,1.7959200143814087
356.19602248628246,1.4631378818890697,101,1.7733614444732666
344.0049790241204,1.4580781053241207,97,1.728669285774231
398.8754540021674,1.4992680301098131,109,2.451362609863281
363.0344107120489,1.464159450748125,99,2.010648250579834
348.36788207619253,1.447513342244775,95,2.02534818649292
355.34579420752664,1.4727658755075228,100,1.928101658821106
345.0499647236869,1.4471880103001538,94,1.7163584232330322
374.84753332388414,1.4590295349584477,101,2.1092634201049805
355.1574172896773,1.473910394712122,96,1.9331258535385127
383.5706919179589,1.5285858011911506,108,2.130195140838623
363.9104987826664,1.4729951433186674,104,1.8963208198547363
395.229655814416,1.517420519686428,112,2.451127290725708
376.3814031881359,1.4829880694521729,108,1.992748498916626
395.9753509625775,1.5078791464379333,110,2.381920099258423
383.2981757010828,1.463430864506034,109,1.8278321027755735
367.3285604478259,1.4867436829162628,106,1.893643021583557
338.1519894838864,1.404480787584344,92,1.646246314048767
354.21452464369384,1.4409739977086444,99,1.6418448686599731
344.5798112669579,1.4400751757075034,97,1.5867544412612915
360.7471253105981,1.4905949378733032,105,1.9068138599395752
309.32826329170075,1.4033845105789198,88,1.3373520374298096
347.22266781679275,1.4196236715480457,102,1.635753870010376
399.0431331553782,1.4874618423009356,111,2.1488265991210938
405.7427313580486,1.4873980667758584,108,2.499785900115967
406.0383257979563,1.5394422999585435,109,2.39140248298645
331.9038690001816,1.448508522768802,94,1.492802381515503
364.67422189218473,1.4438802975906482,99,1.7665073871612549
362.5181100383112,1.482261365914026,103,1.867079854011536
384.9901048201928,1.5213995252743755,110,1.9597270488739011
376.929019497738,1.5132480025169297,104,2.3244740962982178
349.26102929160606,1.4926428503594915,92,2.116525650024414
384.914116251545,1.5345167999181233,109,2.3514716625213623
350.7014698204316,1.4713808692921635,99,1.915412664413452
401.1376565671964,1.5157819063596378,111,2.3906383514404297
365.9976422283173,1.468897651627045,104,1.8617486953735352
341.7470720171712,1.4464449793867733,99,1.705247163772583
361.9282212671359,1.484043631114735,103,2.020745754241944
388.5489326287913,1.5251761607035808,109,2.0881829261779785
390.6169852583695,1.5586028606012812,114,2.395901679992676
393.17679361992856,1.508385541707132,108,2.315516233444214
374.2508277693652,1.4874974216430945,104,1.9882757663726809
371.5931004441618,1.520695785565898,102,2.21113395690918
391.17392804112535,1.5128815089265957,107,2.221698522567749
381.79706868584094,1.498119668686535,101,2.096067428588867
381.6232510335828,1.5224617499085584,104,2.2727952003479004
379.7033995905064,1.5058432110051745,101,2.200042486190796
372.9086019180009,1.5287450478744595,104,2.048736572265625
389.36407422787386,1.5338317851555443,111,2.2180492877960205
379.3351556745913,1.493922645153868,104,2.229768753051758
426.0597443491067,1.5755349562547427,119,2.797192335128784
374.797772010974,1.5376636510202717,102,2.218578577041626
361.3713530970237,1.460052330075974,101,2.1134700775146484
